Workbook

Sheet City-Category Data
A1: city | B1: category | C1: bookings_count | D1: revenue_inr | E1: sla_breaches | F1: min_price_inr | G1: max_price_inr
A2: Bengaluru | B2: AC Repair & Service | C2: 25 | D2: 37340 | E2: 3 | F2: =VLOOKUP(B2, 'Category Reference'!$A$2:$C$7, 2, FALSE) -> 499 | G2: =VLOOKUP(B2, 'Category Reference'!$A$2:$C$7, 3, FALSE) -> 2499
A3: Bengaluru | B3: Deep Home Cleaning | C3: 24 | D3: 67699 | E3: 2 | F3: =VLOOKUP(B3, 'Category Reference'!$A$2:$C$7, 2, FALSE) -> 999 | G3: =VLOOKUP(B3, 'Category Reference'!$A$2:$C$7, 3, FALSE) -> 4999
A4: Bengaluru | B4: Electrical Repair | C4: 13 | D4: 11762 | E4: 3 | F4: =VLOOKUP(B4, 'Category Reference'!$A$2:$C$7, 2, FALSE) -> 199 | G4: =VLOOKUP(B4, 'Category Reference'!$A$2:$C$7, 3, FALSE) -> 1999
A5: Bengaluru | B5: Plumbing | C5: 15 | D5: 13158 | E5: 2 | F5: =VLOOKUP(B5, 'Category Reference'!$A$2:$C$7, 2, FALSE) -> 199 | G5: =VLOOKUP(B5, 'Category Reference'!$A$2:$C$7, 3, FALSE) -> 1499
A6: Bengaluru | B6: Salon for Men | C6: 11 | D6: 10156 | E6: 0 | F6: =VLOOKUP(B6, 'Category Reference'!$A$2:$C$7, 2, FALSE) -> 349 | G6: =VLOOKUP(B6, 'Category Reference'!$A$2:$C$7, 3, FALSE) -> 1499
A7: Bengaluru | B7: Salon for Women | C7: 19 | D7: 43851 | E7: 3 | F7: =VLOOKUP(B7, 'Category Reference'!$A$2:$C$7, 2, FALSE) -> 699 | G7: =VLOOKUP(B7, 'Category Reference'!$A$2:$C$7, 3, FALSE) -> 3499
A8: Chennai | B8: AC Repair & Service | C8: 14 | D8: 21387 | E8: 4 | F8: =VLOOKUP(B8, 'Category Reference'!$A$2:$C$7, 2, FALSE) -> 499 | G8: =VLOOKUP(B8, 'Category Reference'!$A$2:$C$7, 3, FALSE) -> 2499
A9: Chennai | B9: Deep Home Cleaning | C9: 12 | D9: 38260 | E9: 3 | F9: =VLOOKUP(B9, 'Category Reference'!$A$2:$C$7, 2, FALSE) -> 999 | G9: =VLOOKUP(B9, 'Category Reference'!$A$2:$C$7, 3, FALSE) -> 4999
A10: Chennai | B10: Electrical Repair | C10: 17 | D10: 17800 | E10: 2 | F10: =VLOOKUP(B10, 'Category Reference'!$A$2:$C$7, 2, FALSE) -> 199 | G10: =VLOOKUP(B10, 'Category Reference'!$A$2:$C$7, 3, FALSE) -> 1999
A11: Chennai | B11: Plumbing | C11: 26 | D11: 20686 | E11: 2 | F11: =VLOOKUP(B11, 'Category Reference'!$A$2:$C$7, 2, FALSE) -> 199 | G11: =VLOOKUP(B11, 'Category Reference'!$A$2:$C$7, 3, FALSE) -> 1499
A12: Chennai | B12: Salon for Women | C12: 17 | D12: 35874 | E12: 3 | F12: =VLOOKUP(B12, 'Category Reference'!$A$2:$C$7, 2, FALSE) -> 699 | G12: =VLOOKUP(B12, 'Category Reference'!$A$2:$C$7, 3, FALSE) -> 3499
A13: Delhi NCR | B13: AC Repair & Service | C13: 21 | D13: 31346 | E13: 1 | F13: =VLOOKUP(B13, 'Category Reference'!$A$2:$C$7, 2, FALSE) -> 499 | G13: =VLOOKUP(B13, 'Category Reference'!$A$2:$C$7, 3, FALSE) -> 2499
... A28: Pune | B28: Plumbing | C28: 27 | D28: 21305 | E28: 4 | F28: =VLOOKUP(B28, 'Category Reference'!$A$2:$C$7, 2, FALSE) -> 199 | G28: =VLOOKUP(B28, 'Category Reference'!$A$2:$C$7, 3, FALSE) -> 1499

Sheet Category Reference
A1: category | B1: min_price_inr | C1: max_price_inr
A2: AC Repair & Service | B2: 499 | C2: 2499
A3: Salon for Women | B3: 699 | C3: 3499
A4: Salon for Men | B4: 349 | C4: 1499
A5: Deep Home Cleaning | B5: 999 | C5: 4999
A6: Plumbing | B6: 199 | C6: 1499
A7: Electrical Repair | B7: 199 | C7: 1999

Sheet Revenue Pivot Table
A1: Bengaluru | B1: 37340 | C1: 67699 | D1: 11762 | E1: 13158 | F1: 10156 | G1: 43851 | H1: 183966
A2: Chennai | B2: 21387 | C2: 38260 | D2: 17800 | E2: 20686 | G2: 35874 | H2: 134007
A3: Delhi NCR | B3: 31346 | C3: 53123 | D3: 21388 | E3: 17290 | F3: 16631 | G3: 44036 | H3: 183814
A4: Hyderabad | B4: 37171 | C4: 68652 | D4: 21976 | E4: 8557 | G4: 50284 | H4: 186640
A5: Mumbai | B5: 35405 | C5: 68761 | F5: 20739 | G5: 59340 | H5: 184245
A6: Pune | E6: 21305 | H6: 21305

Sheet KPI Summary
A1: City | B1: Total Revenue (INR) | C1: Total SLA Breaches | D1: City-Category Combinations | E1: Part A SQL Total (INR) | F1: Matches Part A SQL total?
A2: Bengaluru | B2: =SUMIFS('City-Category Data'!$D$2:$D$28, 'City-Category Data'!$A$2:$A$28, A2) -> 183966 | C2: =SUMIFS('City-Category Data'!$E$2:$E$28, 'City-Category Data'!$A$2:$A$28, A2) -> 13 | D2: =COUNTIFS('City-Category Data'!$A$2:$A$28, A2) -> 6 | E2: 183966 | F2: =IF(B2=E2, "Yes", "No") -> Yes
A3: Chennai | B3: =SUMIFS('City-Category Data'!$D$2:$D$28, 'City-Category Data'!$A$2:$A$28, A3) -> 134007 | C3: =SUMIFS('City-Category Data'!$E$2:$E$28, 'City-Category Data'!$A$2:$A$28, A3) -> 14 | D3: =COUNTIFS('City-Category Data'!$A$2:$A$28, A3) -> 5 | E3: 134007 | F3: =IF(B3=E3, "Yes", "No") -> Yes
A4: Delhi NCR | B4: =SUMIFS('City-Category Data'!$D$2:$D$28, 'City-Category Data'!$A$2:$A$28, A4) -> 183814 | C4: =SUMIFS('City-Category Data'!$E$2:$E$28, 'City-Category Data'!$A$2:$A$28, A4) -> 17 | D4: =COUNTIFS('City-Category Data'!$A$2:$A$28, A4) -> 6 | E4: 183814 | F4: =IF(B4=E4, "Yes", "No") -> Yes
A5: Hyderabad | B5: =SUMIFS('City-Category Data'!$D$2:$D$28, 'City-Category Data'!$A$2:$A$28, A5) -> 186640 | C5: =SUMIFS('City-Category Data'!$E$2:$E$28, 'City-Category Data'!$A$2:$A$28, A5) -> 13 | D5: =COUNTIFS('City-Category Data'!$A$2:$A$28, A5) -> 5 | E5: 186640 | F5: =IF(B5=E5, "Yes", "No") -> Yes
A6: Mumbai | B6: =SUMIFS('City-Category Data'!$D$2:$D$28, 'City-Category Data'!$A$2:$A$28, A6) -> 184245 | C6: =SUMIFS('City-Category Data'!$E$2:$E$28, 'City-Category Data'!$A$2:$A$28, A6) -> 8 | D6: =COUNTIFS('City-Category Data'!$A$2:$A$28, A6) -> 4 | E6: 184245 | F6: =IF(B6=E6, "Yes", "No") -> Yes
A7: Pune | B7: =SUMIFS('City-Category Data'!$D$2:$D$28, 'City-Category Data'!$A$2:$A$28, A7) -> 21305 | C7: =SUMIFS('City-Category Data'!$E$2:$E$28, 'City-Category Data'!$A$2:$A$28, A7) -> 4 | D7: =COUNTIFS('City-Category Data'!$A$2:$A$28, A7) -> 1 | E7: 21305 | F7: =IF(B7=E7, "Yes", "No") -> Yes
